"Id","Offense","Offense Conference","Defense","Defense Conference","Home","Away","Offense Score","Defense Score","Game Id","Drive Id","Drive Number","Play Number","Period","Clock Minutes","Clock Seconds","Offense Timeouts","Defense Timeouts","Yard Line","Yards To Goal","Down","Distance","Scoring","Yards Gained","Play Type","Play Text","Ppa","Wallclock"
"401524012101854401","Utah","Pac-12","Weber State","Big Sky","Utah","Weber State","0","0","401524012","4015240121","1","1","1","14","55","3","3","35","65","0","0","false","0","Kickoff","Chase Carter kickoff for 61 yds",,"2023-09-16T18:02:29.000Z"
"401524012101854403","Weber State","Big Sky","Utah","Pac-12","Utah","Weber State","0","0","401524012","4015240121","1","2","1","14","55","3","3","73","73","1","10","false","0","Pass Incompletion","Kylan Weisser pass incomplete","-0.76604703567364395","2023-09-16T18:02:29.000Z"
"401524012101854404","Weber State","Big Sky","Utah","Pac-12","Utah","Weber State","0","0","401524012","4015240121","1","3","1","14","55","3","3","73","73","2","10","false","0","Pass Incompletion","Kylan Weisser pass incomplete","-0.38908432202260102","2023-09-16T18:02:29.000Z"
"401524012101854405","Weber State","Big Sky","Utah","Pac-12","Utah","Weber State","0","0","401524012","4015240121","1","4","1","14","55","3","3","73","73","3","10","false","3","Rush","Damon Bankston run for 3 yds to the WEB 30","-0.08096353082833918","2023-09-16T18:02:29.000Z"
"401524012101864501","Weber State","Big Sky","Utah","Pac-12","Utah","Weber State","0","0","401524012","4015240121","1","5","1","13","54","3","3","70","70","4","7","false","0","Punt","Jack Burgess punt for 39 yds",,"2023-09-16T18:04:44.000Z"
"401524012101864503","Utah","Pac-12","Weber State","Big Sky","Utah","Weber State","0","0","401524012","4015240122","2","1","1","13","54","3","3","31","69","1","10","false","9","Pass Reception","Nate Johnson pass complete to Thomas Yassmin for 9 yds to the UTAH 40","1.3649000856171404","2023-09-16T18:04:44.000Z"
"401524012101864504","Utah","Pac-12","Weber State","Big Sky","Utah","Weber State","0","0","401524012","4015240122","2","2","1","13","54","3","3","40","60","2","1","false","7","Rush","Ja'Quinden Jackson run for 7 yds to the UTAH 47 for a 1ST down","0.1470914859246016","2023-09-16T18:04:44.000Z"
"401524012101864505","Utah","Pac-12","Weber State","Big Sky","Utah","Weber State","0","0","401524012","4015240122","2","3","1","13","54","3","3","47","53","1","10","false","33","Pass Reception","Nate Johnson pass complete to Munir McClain for 33 yds to the WEB 20 for a 1ST down","1.4773717045416087","2023-09-16T18:04:44.000Z"
"401524012101864506","Utah","Pac-12","Weber State","Big Sky","Utah","Weber State","0","0","401524012","4015240122","2","4","1","13","54","3","3","80","20","1","10","false","2","Rush","Ja'Quinden Jackson run for 2 yds to the WEB 18","-0.205294804469698","2023-09-16T18:04:44.000Z"
"401524012101864507","Utah","Pac-12","Weber State","Big Sky","Utah","Weber State","0","0","401524012","4015240122","2","5","1","13","54","3","3","82","18","2","8","false","7","Rush","Ja'Quinden Jackson run for 7 yds to the WEB 11","0.253620337958429","2023-09-16T18:04:44.000Z"
"401524012101864508","Utah","Pac-12","Weber State","Big Sky","Utah","Weber State","0","0","401524012","4015240122","2","6","1","13","54","3","3","89","11","3","1","false","4","Rush","Jaylon Glover run for 4 yds to the WEB 7 for a 1ST down","0.372847565215757","2023-09-16T18:04:44.000Z"
"401524012101864509","Utah","Pac-12","Weber State","Big Sky","Utah","Weber State","0","0","401524012","4015240122","2","7","1","13","54","3","3","93","7","1","7","false","1","Rush","Jaylon Glover run for 1 yd to the WEB 6","-0.331912362454727","2023-09-16T18:04:44.000Z"
"401524012101864510","Utah","Pac-12","Weber State","Big Sky","Utah","Weber State","0","0","401524012","4015240122","2","8","1","13","54","3","3","94","6","2","6","false","2","Pass Reception","Nate Johnson pass complete to Money Parks for 2 yds to the WEB 4","-0.1673059286946435","2023-09-16T18:04:44.000Z"
"401524012101915901","Utah","Pac-12","Weber State","Big Sky","Utah","Weber State","0","0","401524012","4015240122","2","9","1","8","40","3","2","99","1","4","1","false","0","Timeout","Timeout Weber State, clock 08:40",,"2023-09-16T18:11:32.000Z"
"401524012101915902","Utah","Pac-12","Weber State","Big Sky","Utah","Weber State","0","0","401524012","4015240122","2","10","1","8","40","3","2","96","4","3","4","false","3","Rush","Jaylon Glover run for 3 yds to the WEB 1","-0.0897810533795195","2023-09-16T18:12:00.000Z"
"401524012101916401","Utah","Pac-12","Weber State","Big Sky","Utah","Weber State","7","0","401524012","4015240122","2","11","1","8","35","3","2","99","1","4","1","true","1","Rushing Touchdown","Nate Johnson run for 1 yd for a TD (Joey Cheek KICK)","2.785753974856101","2023-09-16T18:14:53.000Z"
"401524012101917101","Utah","Pac-12","Weber State","Big Sky","Utah","Weber State","7","0","401524012","4015240123","3","1","1","8","28","3","2","35","65","0","0","false","0","Kickoff Return (Offense)","Chase Carter kickoff for 56 yds ,  return for no gain to the WEB 20",,"2023-09-16T18:19:27.000Z"
"401524012101917103","Weber State","Big Sky","Utah","Pac-12","Utah","Weber State","0","7","401524012","4015240123","3","2","1","8","28","2","3","80","80","1","10","false","7","Rush","Damon Bankston run for 7 yds to the WEB 27","0.5253025865520424","2023-09-16T18:19:27.000Z"
"401524012101917104","Weber State","Big Sky","Utah","Pac-12","Utah","Weber State","0","7","401524012","4015240123","3","3","1","8","28","2","3","73","73","2","3","false","11","Pass Reception","Kylan Weisser pass complete to Jayleen Record for 11 yds to the WEB 38 for a 1ST down","0.9077515683735698","2023-09-16T18:19:27.000Z"
"401524012101917105","Weber State","Big Sky","Utah","Pac-12","Utah","Weber State","0","7","401524012","4015240123","3","4","1","8","28","2","3","62","62","1","10","false","0","Pass Incompletion","Kylan Weisser pass incomplete","-1.0879950771673279","2023-09-16T18:19:27.000Z"
"401524012101917106","Weber State","Big Sky","Utah","Pac-12","Utah","Weber State","0","7","401524012","4015240123","3","5","1","8","28","2","3","62","62","2","10","false","0","Pass Incompletion","Kylan Weisser pass incomplete","-0.6938325521359872","2023-09-16T18:19:27.000Z"
"401524012101917107","Weber State","Big Sky","Utah","Pac-12","Utah","Weber State","0","7","401524012","4015240123","3","6","1","8","28","2","3","62","62","3","10","false","5","Pass Reception","Kylan Weisser pass complete to Haze Hadley for 5 yds to the WEB 43","0.03254948322445374","2023-09-16T18:22:33.000Z"
"401524012101937801","Weber State","Big Sky","Utah","Pac-12","Utah","Weber State","0","7","401524012","4015240123","3","7","1","6","21","2","3","57","57","4","5","false","0","Punt","Jack Burgess punt for 42 yds",,"2023-09-16T18:23:38.000Z"
"401524012101937802","Utah","Pac-12","Weber State","Big Sky","Utah","Weber State","7","0","401524012","4015240123","3","8","1","6","21","2","2","15","85","1","10","false","0","Timeout","Timeout Utah, clock 06:21",,"2023-09-16T18:23:38.000Z"
"401524012101937804","Utah","Pac-12","Weber State","Big Sky","Utah","Weber State","7","0","401524012","4015240124","4","1","1","6","21","2","2","15","85","1","10","false","7","Rush","Jaylon Glover run for 7 yds to the UTAH 22","0.4482007778738044","2023-09-16T18:23:38.000Z"
"401524012101937805","Utah","Pac-12","Weber State","Big Sky","Utah","Weber State","7","0","401524012","4015240124","4","2","1","6","21","2","2","22","78","2","3","false","0","Pass Incompletion","Nate Johnson pass incomplete","-0.68486011233391594","2023-09-16T18:23:38.000Z"
"401524012101937806","Utah","Pac-12","Weber State","Big Sky","Utah","Weber State","7","0","401524012","4015240124","4","3","1","6","21","2","2","22","78","3","3","false","-5","Penalty","Utah Penalty, False Start (-5 Yards) to the UTAH 17",,"2023-09-16T18:23:38.000Z"
"401524012101937807","Utah","Pac-12","Weber State","Big Sky","Utah","Weber State","7","0","401524012","4015240124","4","4","1","6","21","2","2","17","83","3","8","false","-10","Sack","Nate Johnson sacked by Garrett Beck and Cameren Cope for a loss of 10 yards to the UTAH 7","-0.20403630507217854","2023-09-16T18:23:38.000Z"
"401524012101954101","Utah","Pac-12","Weber State","Big Sky","Utah","Weber State","7","0","401524012","4015240124","4","5","1","4","58","2","2","7","93","4","18","false","0","Punt","Jack Bouwmeester punt for 46 yds, fair catch by Haze Hadley at the WEB 47",,"2023-09-16T18:29:39.000Z"
"401524012101954102","Weber State","Big Sky","Utah","Pac-12","Utah","Weber State","0","7","401524012","4015240124","4","6","1","4","58","2","2","53","53","1","10","false","-5","Penalty","Weber State Penalty, False Start (-5 Yards) to the WEB 42",,"2023-09-16T18:29:39.000Z"
"401524012101954104","Weber State","Big Sky","Utah","Pac-12","Utah","Weber State","0","7","401524012","4015240125","5","1","1","4","58","2","2","58","58","1","15","false","-1","Pass Reception","Kylan Weisser pass complete to Kris Jackson for a loss of 1 yard to the WEB 41","-1.0901975365353582","2023-09-16T18:29:39.000Z"
"401524012101954105","Weber State","Big Sky","Utah","Pac-12","Utah","Weber State","0","7","401524012","4015240125","5","2","1","4","58","2","2","59","59","2","16","false","6","Pass Reception","Kylan Weisser pass complete to Jayleen Record for 6 yds to the WEB 47","0.1963118621584509","2023-09-16T18:29:39.000Z"
"401524012101954106","Weber State","Big Sky","Utah","Pac-12","Utah","Weber State","0","7","401524012","4015240125","5","3","1","4","58","2","2","53","53","3","10","false","4","Rush","Kylan Weisser run for 4 yds to the UTAH 49","-0.1183261312815790","2023-09-16T18:29:39.000Z"
"401524012101969101","Weber State","Big Sky","Utah","Pac-12","Utah","Weber State","0","7","401524012","4015240125","5","4","1","3","8","2","2","49","49","4","6","false","0","Punt","Jack Burgess punt for 49 yds for a touchback",,"2023-09-16T18:32:40.000Z"
"401524012101969103","Utah","Pac-12","Weber State","Big Sky","Utah","Weber State","7","0","401524012","4015240126","6","1","1","3","8","2","2","20","80","1","10","false","2","Rush","Jaylon Glover run for 2 yds to the UTAH 22","-0.3623882030735057","2023-09-16T18:33:18.000Z"
"401524012101969104","Utah","Pac-12","Weber State","Big Sky","Utah","Weber State","7","0","401524012","4015240126","6","2","1","3","8","2","2","22","78","2","8","false","10","Rush","Nate Johnson run for 10 yds to the UTAH 32 for a 1ST down","1.2291352830367490","2023-09-16T18:33:18.000Z"
"401524012101969105","Utah","Pac-12","Weber State","Big Sky","Utah","Weber State","7","0","401524012","4015240126","6","3","1","3","8","2","2","32","68","1","10","false","10","Pass Reception","Nate Johnson pass complete to Munir McClain for 10 yds to the UTAH 42 for a 1ST down","0.9576075036025440","2023-09-16T18:33:18.000Z"
"401524012101969106","Utah","Pac-12","Weber State","Big Sky","Utah","Weber State","7","0","401524012","4015240126","6","4","1","3","8","2","2","42","58","1","10","false","13","Rush","Ja'Quinden Jackson run for 13 yds to the WEB 45 for a 1ST down","1.0851891269722475","2023-09-16T18:33:18.000Z"
"401524012101969107","Utah","Pac-12","Weber State","Big Sky","Utah","Weber State","7","0","401524012","4015240126","6","5","1","3","8","2","2","55","45","1","10","false","3","Rush","Ja'Quinden Jackson run for 3 yds to the WEB 42","-0.3299594446081446","2023-09-16T18:33:18.000Z"
"401524012101999901","Utah","Pac-12","Weber State","Big Sky","Utah","Weber State","7","0","401524012","4015240126","6","6","1","0","0","2","2","58","42","2","7","false","7","Rush","Ja'Quinden Jackson run for 7 yds to the WEB 35 for a 1ST down","0.8338847458982566","2023-09-16T18:37:15.000Z"
"401524012101999902","Utah","Pac-12","Weber State","Big Sky","Utah","Weber State","7","0","401524012","4015240126","6","7","1","0","0","2","2","58","42","0","7","false","0","End Period","End of 1st Quarter",,"2023-09-16T18:37:15.000Z"
"401524012102849902","Utah","Pac-12","Weber State","Big Sky","Utah","Weber State","7","0","401524012","4015240126","6","8","2","15","0","2","2","65","35","1","10","false","15","Penalty","Weber State Penalty, Personal Foul (Naseme Colvin) to the WEB 20 for a 1ST down",,"2023-09-16T00:00:00.000Z"
"401524012102849904","Utah","Pac-12","Weber State","Big Sky","Utah","Weber State","7","0","401524012","4015240126","6","9","2","15","0","2","2","80","20","1","10","false","0","Pass Incompletion","Nate Johnson pass incomplete","-0.374805786232315","2023-09-16T18:41:27.000Z"
"401524012102849907","Utah","Pac-12","Weber State","Big Sky","Utah","Weber State","7","0","401524012","4015240126","6","10","2","15","0","2","2","80","20","2","10","false","2","Rush","Jaylon Glover run for 2 yds to the WEB 18","-0.244233951048855","2023-09-16T18:42:29.000Z"
"401524012102866601","Utah","Pac-12","Weber State","Big Sky","Utah","Weber State","7","0","401524012","4015240126","6","11","2","13","33","1","2","81","19","4","9","false","0","Timeout","Timeout Utah, clock 13:33",,"2023-09-16T18:43:48.000Z"
"401524012102866602","Utah","Pac-12","Weber State","Big Sky","Utah","Weber State","7","0","401524012","4015240126","6","12","2","13","33","1","2","82","18","3","8","false","-1","Rush","Jaylon Glover run for a loss of 1 yard to the WEB 19","-0.779368380872187","2023-09-16T18:43:48.000Z"
"401524012102867001","Utah","Pac-12","Weber State","Big Sky","Utah","Weber State","10","0","401524012","4015240126","6","13","2","13","29","1","2","81","19","4","9","true","37","Field Goal Good","Joey Cheek 37 yd FG GOOD",,"2023-09-16T18:44:49.000Z"
"401524012102868001","Utah","Pac-12","Weber State","Big Sky","Utah","Weber State","10","0","401524012","4015240127","7","1","2","13","19","1","2","35","65","0","0","false","0","Kickoff","Chase Carter kickoff for 65 yds",,"2023-09-16T18:48:24.000Z"
"401524012102868003","Weber State","Big Sky","Utah","Pac-12","Utah","Weber State","0","10","401524012","4015240127","7","2","2","13","19","2","1","59","59","1","10","false","1","Rush","Damon Bankston run for 1 yd to the WEB 42","-0.9199637917398017","2023-09-16T18:48:24.000Z"
"401524012102868004","Weber State","Big Sky","Utah","Pac-12","Utah","Weber State","0","10","401524012","4015240127","7","3","2","13","19","2","1","58","58","2","9","false","-5","Penalty","Weber State Penalty, False Start (-5 Yards) to the WEB 37",,"2023-09-16T18:48:24.000Z"
"401524012102879701","Weber State","Big Sky","Utah","Pac-12","Utah","Weber State","0","10","401524012","4015240127","7","4","2","12","2","1","1","53","53","3","4","false","0","Timeout","Timeout Weber State, clock 12:02",,"2023-09-16T18:51:22.000Z"
"401524012102879702","Weber State","Big Sky","Utah","Pac-12","Utah","Weber State","0","10","401524012","4015240127","7","5","2","12","2","1","1","63","63","2","14","false","10","Pass Reception","Kylan Weisser pass complete to Treyshun Hurry for 10 yds to the WEB 47","0.9899439385920319","2023-09-16T18:51:22.000Z"
"401524012102879703","Weber State","Big Sky","Utah","Pac-12","Utah","Weber State","0","10","401524012","4015240127","7","6","2","12","2","1","1","53","53","3","4","false","47","Rush","Damon Bankston run for 47 yds to the UTAH 6 for a 1ST down","3.4493338396167008","2023-09-16T18:51:22.000Z"
"401524012102879704","Weber State","Big Sky","Utah","Pac-12","Utah","Weber State","0","10","401524012","4015240127","7","7","2","12","2","1","1","6","6","1","6","false","4","Rush","Kris Jackson run for 4 yds to the UTAH 2","-0.015446754256946","2023-09-16T18:51:22.000Z"
"401524012102895301","Weber State","Big Sky","Utah","Pac-12","Utah","Weber State","7","10","401524012","4015240127","7","8","2","10","46","1","1","2","2","2","2","true","2","Rushing Touchdown","Kris Jackson run for 2 yds for a TD (Kyle Thompson KICK)","2.067936525322223","2023-09-16T18:53:36.000Z"
"401524012102896001","Weber State","Big Sky","Utah","Pac-12","Utah","Weber State","7","10","401524012","4015240128","8","1","2","10","39","1","1","65","65","0","0","false","0","Kickoff","Sloan Calder kickoff for 64 yds",,"2023-09-16T18:58:15.000Z"
"401524012102896003","Utah","Pac-12","Weber State","Big Sky","Utah","Weber State","10","7","401524012","4015240128","8","2","2","10","39","1","1","30","70","1","10","false","4","Rush","Nate Johnson run for 4 yds to the UTAH 34","-0.1399034934597019","2023-09-16T18:58:15.000Z"
"401524012102896004","Utah","Pac-12","Weber State","Big Sky","Utah","Weber State","10","7","401524012","4015240128","8","3","2","10","39","1","1","34","66","2","6","false","5","Rush","Nate Johnson run for 5 yds to the UTAH 39","0.1000348562736503","2023-09-16T18:58:15.000Z"
"401524012102896005","Utah","Pac-12","Weber State","Big Sky","Utah","Weber State","10","7","401524012","4015240128","8","4","2","10","39","1","1","39","61","3","1","false","-5","Penalty","Utah Penalty, False Start (-5 Yards) to the UTAH 34",,"2023-09-16T18:58:15.000Z"
"401524012102896006","Utah","Pac-12","Weber State","Big Sky","Utah","Weber State","10","7","401524012","4015240128","8","5","2","10","39","1","1","34","66","3","6","false","7","Rush","Nate Johnson run for 7 yds to the UTAH 41 for a 1ST down","1.98107589809051806","2023-09-16T18:58:15.000Z"
"401524012102896008","Utah","Pac-12","Weber State","Big Sky","Utah","Weber State","10","7","401524012","4015240128","8","6","2","10","39","1","1","41","59","1","10","false","-10","Penalty","QB Keeper JOHNSON, Nate rush up the middle for a loss of 4 yards to the UTA37 (COPE, Cameren). PENALTY UTA Holding on BILLS, Keaton enforced 10 yards from the UTA41 to the UTA31 [SG]. NO PLAY (replay the down).",,"2023-09-16T18:58:15.000Z"
"401524012102896009","Utah","Pac-12","Weber State","Big Sky","Utah","Weber State","10","7","401524012","4015240128","8","7","2","10","39","1","1","31","69","1","20","false","4","Rush","Nate Johnson run for 4 yds to the UTAH 35","-0.08206755487632211","2023-09-16T18:58:15.000Z"
"401524012102896010","Utah","Pac-12","Weber State","Big Sky","Utah","Weber State","10","7","401524012","4015240128","8","8","2","10","39","1","1","35","65","2","16","false","0","Pass Incompletion","Nate Johnson pass incomplete","-0.36363581168775383","2023-09-16T18:58:15.000Z"
"401524012102896011","Utah","Pac-12","Weber State","Big Sky","Utah","Weber State","10","7","401524012","4015240128","8","9","2","10","39","1","1","35","65","3","16","false","40","Pass Reception","Nate Johnson pass complete to Mikey Matthews for 40 yds to the WEB 25 for a 1ST down","4.39823512550916809","2023-09-16T18:58:15.000Z"
"401524012102896012","Utah","Pac-12","Weber State","Big Sky","Utah","Weber State","10","7","401524012","4015240128","8","10","2","10","39","1","1","75","25","1","10","false","9","Pass Reception","Nate Johnson pass complete to Money Parks for 9 yds to the WEB 16","0.6477408231634345","2023-09-16T18:58:15.000Z"
"401524012102896013","Utah","Pac-12","Weber State","Big Sky","Utah","Weber State","10","7","401524012","4015240128","8","11","2","10","39","1","1","84","16","2","1","false","3","Rush","Nate Johnson run for 3 yds to the WEB 13 for a 1ST down","-0.486585675943224","2023-09-16T18:58:15.000Z"
"401524012102949901","Utah","Pac-12","Weber State","Big Sky","Utah","Weber State","17","7","401524012","4015240128","8","12","2","5","0","1","1","87","13","1","10","true","13","Passing Touchdown","Nate Johnson pass complete to Money Parks for 13 yds for a TD (Joey Cheek KICK)","2.538929215045847","2023-09-16T19:06:17.000Z"
"401524012102954501","Utah","Pac-12","Weber State","Big Sky","Utah","Weber State","17","7","401524012","4015240129","9","1","2","4","54","1","1","35","65","0","0","false","0","Kickoff","Chase Carter kickoff for 49 yds",,"2023-09-16T19:10:23.000Z"
"401524012102954503","Weber State","Big Sky","Utah","Pac-12","Utah","Weber State","7","17","401524012","4015240129","9","2","2","4","54","1","1","51","51","1","10","false","0","Pass Incompletion","Kylan Weisser pass incomplete","-1.1301991718133413","2023-09-16T19:10:23.000Z"
"401524012102954504","Weber State","Big Sky","Utah","Pac-12","Utah","Weber State","7","17","401524012","4015240129","9","3","2","4","54","1","1","51","51","2","10","false","0","Pass Incompletion","Kylan Weisser pass incomplete","-1.0057416461584410","2023-09-16T19:10:23.000Z"
"401524012102954505","Weber State","Big Sky","Utah","Pac-12","Utah","Weber State","7","17","401524012","4015240129","9","4","2","4","54","1","1","51","51","3","10","false","0","Pass Incompletion","Kylan Weisser pass incomplete","-0.6734810369812880","2023-09-16T19:10:23.000Z"
"401524012102956901","Weber State","Big Sky","Utah","Pac-12","Utah","Weber State","7","17","401524012","4015240129","9","5","2","4","30","1","1","51","51","4","10","false","0","Punt","Jack Burgess punt for 47 yds, downed at the UTAH 4",,"2023-09-16T19:13:27.000Z"
"401524012102956902","Utah","Pac-12","Weber State","Big Sky","Utah","Weber State","17","7","401524012","4015240129","9","6","2","4","30","0","1","4","96","1","10","false","0","Timeout","Timeout Utah, clock 04:30",,"2023-09-16T19:13:27.000Z"
"401524012102956904","Utah","Pac-12","Weber State","Big Sky","Utah","Weber State","17","7","401524012","40152401210","10","1","2","4","30","0","1","4","96","1","10","false","12","Rush","Ja'Quinden Jackson run for 12 yds to the UTAH 16 for a 1ST down","0.359237751847149256","2023-09-16T19:16:07.000Z"
"401524012102956905","Utah","Pac-12","Weber State","Big Sky","Utah","Weber State","17","7","401524012","40152401210","10","2","2","4","30","0","1","16","84","1","10","false","11","Pass Reception","Nate Johnson pass complete to Money Parks for 11 yds to the UTAH 27 for a 1ST down","0.6466538929817380","2023-09-16T19:16:07.000Z"
"401524012102956906","Utah","Pac-12","Weber State","Big Sky","Utah","Weber State","17","7","401524012","40152401210","10","3","2","4","30","0","1","27","73","1","10","false","3","Rush","Nate Johnson run for 3 yds to the UTAH 30","-0.3204076759721195","2023-09-16T19:16:07.000Z"
"401524012102956907","Utah","Pac-12","Weber State","Big Sky","Utah","Weber State","17","7","401524012","40152401210","10","4","2","4","30","0","1","30","70","2","7","false","3","Rush","Nate Johnson run for 3 yds to the UTAH 33","-0.2624477241414347","2023-09-16T19:16:07.000Z"
"401524012102956908","Utah","Pac-12","Weber State","Big Sky","Utah","Weber State","17","7","401524012","40152401210","10","5","2","4","30","0","1","33","67","3","4","false","49","Pass Reception","Nate Johnson pass complete to Munir McClain for 49 yds to the WEB 18 for a 1ST down","3.9237781252648998","2023-09-16T19:16:07.000Z"
"401524012102956909","Utah","Pac-12","Weber State","Big Sky","Utah","Weber State","17","7","401524012","40152401210","10","6","2","4","30","0","1","82","18","1","10","false","-2","Pass Reception","Nate Johnson pass complete to Mikey Matthews for a loss of 2 yards to the WEB 20","-0.513865362089344","2023-09-16T19:16:07.000Z"
"401524012102956910","Utah","Pac-12","Weber State","Big Sky","Utah","Weber State","17","7","401524012","40152401210","10","7","2","4","30","0","1","80","20","2","12","false","0","Pass Incompletion","Nate Johnson pass incomplete","-0.505557559327883","2023-09-16T19:16:07.000Z"
"401524012102994501","Utah","Pac-12","Weber State","Big Sky","Utah","Weber State","17","7","401524012","40152401210","10","8","2","0","54","-1","1","89","11","4","3","false","0","Timeout","Timeout Utah, clock 00:54",,"2023-09-16T19:21:20.000Z"
"401524012102994502","Utah","Pac-12","Weber State","Big Sky","Utah","Weber State","17","7","401524012","40152401210","10","9","2","0","54","-1","1","80","20","3","12","false","9","Rush","Nate Johnson run for 9 yds to the WEB 11","0.4849192021908735","2023-09-16T19:21:20.000Z"
"401524012102995201","Utah","Pac-12","Weber State","Big Sky","Utah","Weber State","17","7","401524012","40152401210","10","10","2","0","47","-1","1","89","11","4","3","false","-8","Rush","run for a loss of 8 yards to the WEB 19","-3.8737035717030555","2023-09-16T19:23:11.000Z"
"401524012102995202","Weber State","Big Sky","Utah","Pac-12","Utah","Weber State","7","17","401524012","40152401210","10","11","2","0","47","1","-1","81","81","1","10","false","0","Penalty","Weber State Penalty, Personal Foul (Maxwell Anderson) to the WEB 9",,"2023-09-16T19:23:11.000Z"
"401524012102999901","Weber State","Big Sky","Utah","Pac-12","Utah","Weber State","7","17","401524012","40152401211","11","1","2","0","0","1","-1","91","91","1","20","false","1","Rush","Damon Bankston run for 1 yd to the WEB 10","-0.08005001716906435","2023-09-16T19:25:19.000Z"
"401524012102999903","Weber State","Big Sky","Utah","Pac-12","Utah","Weber State","7","17","401524012","40152401211","11","2","2","0","0","1","-1","90","90","0","20","false","0","End of Half","End of 2nd Quarter",,"2023-09-16T19:25:19.000Z"
"401524012103854501","Weber State","Big Sky","Utah","Pac-12","Utah","Weber State","7","17","401524012","40152401212","12","1","3","14","54","3","3","65","65","0","0","false","0","Kickoff","Sloan Calder kickoff for 57 yds",,"2023-09-16T19:46:50.000Z"
"401524012103854503","Utah","Pac-12","Weber State","Big Sky","Utah","Weber State","17","7","401524012","40152401212","12","2","3","14","54","3","3","32","68","1","10","false","6","Rush","Nate Johnson run for 6 yds to the UTAH 38","0.3855228600463665","2023-09-16T19:46:50.000Z"
"401524012103854504","Utah","Pac-12","Weber State","Big Sky","Utah","Weber State","17","7","401524012","40152401212","12","3","3","14","54","3","3","38","62","2","4","false","16","Rush","Ja'Quinden Jackson run for 16 yds to the WEB 46 for a 1ST down","1.5905004474610287","2023-09-16T19:46:50.000Z"
"401524012103854505","Utah","Pac-12","Weber State","Big Sky","Utah","Weber State","17","7","401524012","40152401212","12","4","3","14","54","3","3","54","46","1","10","false","6","Pass Reception","Nate Johnson pass complete to Thomas Yassmin for 6 yds to the WEB 40","0.3120620714803497","2023-09-16T19:46:50.000Z"
"401524012103854506","Utah","Pac-12","Weber State","Big Sky","Utah","Weber State","17","7","401524012","40152401212","12","5","3","14","54","3","3","60","40","2","4","false","0","Pass Incompletion","Nate Johnson pass incomplete","-1.0285169126198781","2023-09-16T19:46:50.000Z"
"401524012103854507","Utah","Pac-12","Weber State","Big Sky","Utah","Weber State","17","7","401524012","40152401212","12","6","3","14","54","3","3","60","40","3","4","false","6","Pass Reception","Nate Johnson pass complete to Ja'Quinden Jackson for 6 yds to the WEB 34 for a 1ST down","1.3230160883603227","2023-09-16T19:46:50.000Z"
"401524012103854508","Utah","Pac-12","Weber State","Big Sky","Utah","Weber State","17","7","401524012","40152401212","12","7","3","14","54","3","3","66","34","1","10","false","21","Rush","Jaylon Glover run for 21 yds to the WEB 13 for a 1ST down","0.397796945867823","2023-09-16T19:46:50.000Z"
"401524012103854509","Utah","Pac-12","Weber State","Big Sky","Utah","Weber State","17","7","401524012","40152401212","12","8","3","14","54","3","3","87","13","1","10","false","3","Rush","Jaylon Glover run for 3 yds to the WEB 10","-0.098600859057136","2023-09-16T19:46:50.000Z"
"401524012103854510","Utah","Pac-12","Weber State","Big Sky","Utah","Weber State","17","7","401524012","40152401212","12","9","3","14","54","3","3","90","10","2","7","false","8","Rush","Nate Johnson run for 8 yds to the WEB 2 for a 1ST down","1.424294776430885","2023-09-16T19:46:50.000Z"
"401524012103898201","Utah","Pac-12","Weber State","Big Sky","Utah","Weber State","24","7","401524012","40152401212","12","10","3","10","17","3","3","98","2","1","2","true","2","Rushing Touchdown","Jaylon Glover run for 2 yds for a TD (Joey Cheek KICK)","1.213235297672098","2023-09-16T19:52:39.000Z"
"401524012103898203","Utah","Pac-12","Weber State","Big Sky","Utah","Weber State","24","7","401524012","40152401213","13","1","3","10","17","3","3","35","65","0","0","false","0","Kickoff","Chase Carter kickoff for 65 yds for a touchback",,"2023-09-16T19:52:47.000Z"
"401524012103898205","Weber State","Big Sky","Utah","Pac-12","Utah","Weber State","7","24","401524012","40152401213","13","2","3","10","17","3","3","75","75","1","10","false","5","Rush","Damon Bankston run for 5 yds to the WEB 30","0.0945451165334843","2023-09-16T19:52:47.000Z"
"401524012103898206","Weber State","Big Sky","Utah","Pac-12","Utah","Weber State","7","24","401524012","40152401213","13","3","3","10","17","3","3","70","70","2","5","false","0","Rush","Damon Bankston run for no gain to the WEB 30","-0.75373247206591025","2023-09-16T19:52:47.000Z"
"401524012103898208","Weber State","Big Sky","Utah","Pac-12","Utah","Weber State","7","24","401524012","40152401213","13","4","3","10","17","3","3","70","70","3","5","false","10","Penalty","WEISSER, Kylan pass to the left incomplete intended for RECORD, Jayleen thrown to the WSU36. PENALTY UTA Holding on VAUGHN, Zemaiah enforced 10 yards from the WSU30 to the WSU40 and results in automatic 1ST DOWN [SG]. NO PLAY (replay the down).",,"2023-09-16T19:52:47.000Z"
"401524012103898209","Weber State","Big Sky","Utah","Pac-12","Utah","Weber State","7","24","401524012","40152401213","13","5","3","10","17","3","3","60","60","1","10","false","3","Rush","Kris Jackson run for 3 yds to the WEB 43","-0.4315308590496248","2023-09-16T19:52:47.000Z"
"401524012103898210","Weber State","Big Sky","Utah","Pac-12","Utah","Weber State","7","24","401524012","40152401213","13","6","3","10","17","3","3","57","57","2","7","false","3","Rush","Kris Jackson run for 3 yds to the WEB 46","-0.4038869630585804","2023-09-16T19:52:47.000Z"
"401524012103898212","Weber State","Big Sky","Utah","Pac-12","Utah","Weber State","7","24","401524012","40152401213","13","7","3","10","17","3","3","54","54","3","4","false","-10","Penalty","BANKSTON, Damon rush to the right for a gain of 23 yards to the UTA31 (VAKI, Sione), out of bounds. PENALTY WSU Holding on MEACHAM, Hayden enforced 10 yards from the WSU46 to the WSU36 [NHSG]. NO PLAY (replay the down).",,"2023-09-16T19:52:47.000Z"
"401524012103898213","Weber State","Big Sky","Utah","Pac-12","Utah","Weber State","7","24","401524012","40152401213","13","8","3","10","17","3","3","64","64","3","14","false","0","Pass Incompletion","Kylan Weisser pass incomplete","-0.223190246855062388","2023-09-16T19:52:47.000Z"
"401524012103934101","Weber State","Big Sky","Utah","Pac-12","Utah","Weber State","7","24","401524012","40152401213","13","9","3","6","58","3","3","64","64","4","14","false","0","Punt","Jack Burgess punt for 51 yds",,"2023-09-16T20:02:49.000Z"
"401524012103934102","Utah","Pac-12","Weber State","Big Sky","Utah","Weber State","24","7","401524012","40152401213","13","10","3","6","58","2","3","14","86","1","10","false","0","Timeout","Timeout Utah, clock 06:58",,"2023-09-16T20:02:49.000Z"
"401524012103934103","Utah","Pac-12","Weber State","Big Sky","Utah","Weber State","24","7","401524012","40152401213","13","11","3","6","58","2","3","14","86","1","10","false","-5","Penalty","Utah Penalty, False Start (Mikey Matthews) to the UTAH 9",,"2023-09-16T20:02:49.000Z"
"401524012103934105","Utah","Pac-12","Weber State","Big Sky","Utah","Weber State","24","7","401524012","40152401214","14","1","3","6","58","2","3","9","91","1","15","false","2","Rush","Ja'Quinden Jackson run for 2 yds to the UTAH 11","-0.11286557518281182","2023-09-16T20:02:49.000Z"
"401524012103934106","Utah","Pac-12","Weber State","Big Sky","Utah","Weber State","24","7","401524012","40152401214","14","2","3","6","58","2","3","11","89","2","13","false","7","Pass Reception","Nate Johnson pass complete to Luca Caldarella for 7 yds to the UTAH 18","0.11111228167931398","2023-09-16T20:02:49.000Z"
"401524012103934107","Utah","Pac-12","Weber State","Big Sky","Utah","Weber State","24","7","401524012","40152401214","14","3","3","6","58","2","3","18","82","3","6","false","0","Pass Incompletion","Nate Johnson pass incomplete","-0.17122726283270138","2023-09-16T20:07:45.000Z"
"401524012103948101","Utah","Pac-12","Weber State","Big Sky","Utah","Weber State","24","7","401524012","40152401214","14","4","3","5","18","2","3","18","82","4","6","false","0","Punt","Jack Bouwmeester punt for 60 yds",,"2023-09-16T20:08:57.000Z"
"401524012103948102","Weber State","Big Sky","Utah","Pac-12","Utah","Weber State","7","24","401524012","40152401214","14","5","3","5","18","3","1","68","68","1","10","false","0","Timeout","Timeout Utah, clock 05:18",,"2023-09-16T20:08:57.000Z"
"401524012103948104","Weber State","Big Sky","Utah","Pac-12","Utah","Weber State","7","24","401524012","40152401215","15","1","3","5","18","3","1","68","68","1","10","false","-9","Sack","Kylan Weisser sacked by Cole Bishop for a loss of 9 yards to the WEB 23","-1.67428038684588109","2023-09-16T20:08:57.000Z"
"401524012103956301","Weber State","Big Sky","Utah","Pac-12","Utah","Weber State","7","31","401524012","40152401215","15","2","3","4","36","3","1","77","77","2","19","true","23","Interception Return Touchdown","Lander Barton 23 Yd Interception Return (Joey Cheek Kick)","-6.80640889751225941","2023-09-16T20:13:19.000Z"
"401524012103956304","Utah","Pac-12","Weber State","Big Sky","Utah","Weber State","24","7","401524012","40152401215","15","3","3","4","36","0","3","35","65","0","0","false","0","Timeout","Timeout Utah, clock 04:36",,"2023-09-16T20:13:19.000Z"
"401524012103956801","Weber State","Big Sky","Utah","Pac-12","Utah","Weber State","7","31","401524012","40152401216","16","1","3","4","31","3","0","81","81","1","10","false","-5","Penalty","Weber State Penalty, Delay Of Game (TEAM) to the WEB 14",,"2023-09-16T20:17:16.000Z"
"401524012103956802","Utah","Pac-12","Weber State","Big Sky","Utah","Weber State","31","7","401524012","40152401216","16","2","3","4","31","0","3","35","65","0","0","false","0","Kickoff","Chase Carter kickoff for 65 yds",,"2023-09-16T20:17:16.000Z"
"401524012103956804","Weber State","Big Sky","Utah","Pac-12","Utah","Weber State","7","31","401524012","40152401216","16","3","3","4","31","3","0","86","86","1","15","false","-4","Rush","Adrian Cormier run for a loss of 4 yards to the WEB 10","-0.320279251765340336","2023-09-16T20:17:16.000Z"
"401524012103956805","Weber State","Big Sky","Utah","Pac-12","Utah","Weber State","7","31","401524012","40152401216","16","4","3","4","31","3","0","90","90","2","19","false","1","Pass Reception","Kylan Weisser pass complete to Adrian Cormier for 1 yd to the WEB 11","-0.04176816705468235","2023-09-16T20:17:16.000Z"
"401524012103968301","Weber State","Big Sky","Utah","Pac-12","Utah","Weber State","7","31","401524012","40152401216","16","5","3","3","16","2","0","89","89","4","18","false","0","Timeout","Timeout Weber State, clock 03:16",,"2023-09-16T20:19:42.000Z"
"401524012103968302","Weber State","Big Sky","Utah","Pac-12","Utah","Weber State","7","31","401524012","40152401216","16","6","3","3","16","2","0","89","89","3","18","false","0","Pass Incompletion","Kylan Weisser pass incomplete","-0.0254738424458747","2023-09-16T20:19:42.000Z"
"401524012103969401","Weber State","Big Sky","Utah","Pac-12","Utah","Weber State","7","31","401524012","40152401216","16","7","3","3","5","2","0","89","89","4","18","false","0","Punt","Jack Burgess punt for 48 yds",,"2023-09-16T20:21:00.000Z"
"401524012103969403","Utah","Pac-12","Weber State","Big Sky","Utah","Weber State","31","7","401524012","40152401217","17","1","3","3","5","0","2","49","51","1","10","false","3","Rush","Jaylon Glover run for 3 yds to the WEB 48","-0.395458128988178","2023-09-16T20:21:00.000Z"
"401524012103969404","Utah","Pac-12","Weber State","Big Sky","Utah","Weber State","31","7","401524012","40152401217","17","2","3","3","5","0","2","52","48","2","7","false","13","Rush","Nate Johnson run for 13 yds to the WEB 35 for a 1ST down","1.346236549104161","2023-09-16T20:21:00.000Z"
"401524012103969405","Utah","Pac-12","Weber State","Big Sky","Utah","Weber State","31","7","401524012","40152401217","17","3","3","3","5","0","2","65","35","1","10","false","0","Pass Incompletion","Nate Johnson pass incomplete","-0.6918622905019662","2023-09-16T20:21:00.000Z"
"401524012103969406","Utah","Pac-12","Weber State","Big Sky","Utah","Weber State","31","7","401524012","40152401217","17","4","3","3","5","0","2","65","35","2","10","false","0","Rush","Jaylon Glover run for no gain to the WEB 35","-0.9144980156718301","2023-09-16T20:23:15.000Z"
"401524012103969407","Utah","Pac-12","Weber State","Big Sky","Utah","Weber State","31","7","401524012","40152401217","17","5","3","3","5","0","2","65","35","3","10","false","5","Rush","Nate Johnson run for 5 yds to the WEB 30","0.0559246993740743","2023-09-16T20:23:15.000Z"
"401524012103999401","Utah","Pac-12","Weber State","Big Sky","Utah","Weber State","31","7","401524012","40152401217","17","6","3","0","5","0","2","70","30","4","5","false","0","Pass Incompletion","Nate Johnson pass incomplete","-2.476975609423322","2023-09-16T19:46:41.000Z"
"401524012103999901","Weber State","Big Sky","Utah","Pac-12","Utah","Weber State","7","31","401524012","40152401218","18","1","3","0","0","2","0","70","70","1","10","false","-5","Rush","Damon Bankston run for a loss of 5 yards to the WEB 25","-1.344183738686008485","2023-09-16T19:46:41.000Z"
"401524012103999902","Weber State","Big Sky","Utah","Pac-12","Utah","Weber State","7","31","401524012","40152401218","18","2","3","0","0","2","0","70","70","0","10","false","0","End Period","End of 3rd Quarter",,"2023-09-16T19:46:41.000Z"
"401524012104849902","Weber State","Big Sky","Utah","Pac-12","Utah","Weber State","7","31","401524012","40152401218","18","3","4","15","0","2","0","75","75","2","15","false","10","Pass Reception","Kylan Weisser pass complete to Jacob Sharp for 10 yds to the WEB 35","0.532401300517394185","2023-09-16T20:29:31.000Z"
"401524012104849905","Weber State","Big Sky","Utah","Pac-12","Utah","Weber State","7","31","401524012","40152401218","18","4","4","15","0","2","0","65","65","3","5","false","7","Pass Reception","Kylan Weisser pass complete to Jacob Sharp for 7 yds to the WEB 42 for a 1ST down","1.9428657450336422","2023-09-16T20:29:31.000Z"
"401524012104849906","Weber State","Big Sky","Utah","Pac-12","Utah","Weber State","7","31","401524012","40152401218","18","5","4","15","0","2","0","58","58","1","10","false","0","Pass Incompletion","Kylan Weisser pass incomplete","-1.1496266880203319","2023-09-16T20:29:31.000Z"
"401524012104849908","Weber State","Big Sky","Utah","Pac-12","Utah","Weber State","7","31","401524012","40152401218","18","6","4","15","0","2","0","58","58","2","10","false","0","Pass Incompletion","Kylan Weisser pass incomplete","-0.82081956061502655","2023-09-16T20:29:31.000Z"
"401524012104849911","Weber State","Big Sky","Utah","Pac-12","Utah","Weber State","7","31","401524012","40152401218","18","7","4","15","0","2","0","58","58","3","10","false","12","Pass Reception","Kylan Weisser pass complete to Treyshun Hurry for 12 yds to the UTAH 46 for a 1ST down","2.98886205254020965","2023-09-16T20:29:31.000Z"
"401524012104849914","Weber State","Big Sky","Utah","Pac-12","Utah","Weber State","7","31","401524012","40152401218","18","8","4","15","0","2","0","46","46","1","10","false","3","Pass Reception","Kylan Weisser pass complete to Hayden Meacham for 3 yds to the UTAH 43","-0.3418939310329067","2023-09-16T20:29:31.000Z"
"401524012104849916","Weber State","Big Sky","Utah","Pac-12","Utah","Weber State","7","31","401524012","40152401218","18","9","4","15","0","2","0","43","43","2","7","false","3","Rush","Kris Jackson run for 3 yds to the UTAH 40","-0.3745609101066217","2023-09-16T20:29:31.000Z"
"401524012104879701","Weber State","Big Sky","Utah","Pac-12","Utah","Weber State","7","31","401524012","40152401218","18","10","4","12","2","2","0","40","40","3","4","false","-4","Sack","Kylan Weisser sacked for a loss of 4 yards to the UTAH 44","-1.8957165874065423","2023-09-16T20:33:33.000Z"
"401524012104879702","Utah","Pac-12","Weber State","Big Sky","Utah","Weber State","31","7","401524012","40152401218","18","11","4","12","2","-1","2","44","56","1","10","false","0","Timeout","Timeout Utah, clock 12:02",,"2023-09-16T20:33:33.000Z"
"401524012104879704","Utah","Pac-12","Weber State","Big Sky","Utah","Weber State","31","7","401524012","40152401219","19","1","4","12","2","-1","2","44","56","1","10","false","5","Rush","Chris Curry run for 5 yds to the UTAH 49","0.1087719603915716","2023-09-16T20:37:04.000Z"
"401524012104879705","Utah","Pac-12","Weber State","Big Sky","Utah","Weber State","31","7","401524012","40152401219","19","2","4","12","2","-1","2","49","51","2","5","false","9","Rush","Chris Curry run for 9 yds to the WEB 42 for a 1ST down","0.9664753494156104","2023-09-16T20:37:04.000Z"
"401524012104879706","Utah","Pac-12","Weber State","Big Sky","Utah","Weber State","31","7","401524012","40152401219","19","3","4","12","2","-1","2","58","42","1","10","false","0","Rush","Nate Johnson run for no gain to the WEB 42","-0.908489395271188","2023-09-16T20:37:04.000Z"
"401524012104879707","Utah","Pac-12","Weber State","Big Sky","Utah","Weber State","31","7","401524012","40152401219","19","4","4","12","2","-1","2","58","42","2","10","false","0","Rush","Chris Curry run for no gain to the WEB 42","-1.0526570825811009","2023-09-16T20:37:04.000Z"
"401524012104879708","Utah","Pac-12","Weber State","Big Sky","Utah","Weber State","31","7","401524012","40152401219","19","5","4","12","2","-1","2","58","42","3","10","false","1","Rush","Charlie Vincent run for 1 yd to the WEB 41","-0.7622896560087602","2023-09-16T20:37:04.000Z"
"401524012104915101","Utah","Pac-12","Weber State","Big Sky","Utah","Weber State","31","7","401524012","40152401219","19","6","4","8","48","-1","2","59","41","4","9","false","0","Punt","Jack Bouwmeester punt for 35 yds, fair catch by Haze Hadley at the WEB 6",,"2023-09-16T20:40:21.000Z"
"401524012104915102","Weber State","Big Sky","Utah","Pac-12","Utah","Weber State","7","31","401524012","40152401219","19","7","4","8","48","2","-2","94","94","1","10","false","0","Timeout","Timeout Utah, clock 08:48",,"2023-09-16T20:40:21.000Z"
"401524012104915104","Weber State","Big Sky","Utah","Pac-12","Utah","Weber State","7","31","401524012","40152401220","20","1","4","8","48","2","-2","94","94","1","10","false","1","Rush","Adrian Cormier run for 1 yd to the WEB 7","-0.24672188323678767","2023-09-16T20:43:07.000Z"
"401524012104915105","Weber State","Big Sky","Utah","Pac-12","Utah","Weber State","7","31","401524012","40152401220","20","2","4","8","48","2","-2","93","93","2","9","false","2","Pass Reception","Kylan Weisser pass complete to Keayen Nead for 2 yds to the WEB 9","-0.09938952061723683","2023-09-16T20:43:07.000Z"
"401524012104915106","Weber State","Big Sky","Utah","Pac-12","Utah","Weber State","7","31","401524012","40152401220","20","3","4","8","48","2","-2","91","91","3","7","false","-1","Rush","Adrian Cormier run for a loss of 1 yard to the WEB 8","-0.10882463706051037","2023-09-16T20:43:07.000Z"
"401524012104936101","Weber State","Big Sky","Utah","Pac-12","Utah","Weber State","7","31","401524012","40152401220","20","4","4","6","38","2","-2","92","92","4","8","false","0","Punt","Jack Burgess punt for 61 yds ,  returns for no gain to the UTAH 31",,"2023-09-16T20:45:58.000Z"
"401524012104936102","Utah","Pac-12","Weber State","Big Sky","Utah","Weber State","31","7","401524012","40152401220","20","5","4","6","38","-3","2","31","69","1","10","false","0","Timeout","Timeout Utah, clock 06:38",,"2023-09-16T20:45:58.000Z"
"401524012104936104","Utah","Pac-12","Weber State","Big Sky","Utah","Weber State","31","7","401524012","40152401221","21","1","4","6","38","-3","2","31","69","1","10","false","2","Rush","Chris Curry run for 2 yds to the UTAH 33","-0.5660789348414364","2023-09-16T20:45:58.000Z"
"401524012104936105","Utah","Pac-12","Weber State","Big Sky","Utah","Weber State","31","7","401524012","40152401221","21","2","4","6","38","-3","2","33","67","2","8","false","7","Rush","Chris Curry run for 7 yds to the UTAH 40","0.5231905206752101","2023-09-16T20:45:58.000Z"
"401524012104936106","Utah","Pac-12","Weber State","Big Sky","Utah","Weber State","31","7","401524012","40152401221","21","3","4","6","38","-3","2","40","60","3","1","false","0","Rush","Chris Curry run for no gain to the UTAH 40","-0.89151436496775814","2023-09-16T20:45:58.000Z"
"401524012104936107","Utah","Pac-12","Weber State","Big Sky","Utah","Weber State","31","7","401524012","40152401221","21","4","4","6","38","-3","2","40","60","4","1","false","3","Rush","Charlie Vincent run for 3 yds to the UTAH 43 for a 1ST down","2.07637708673770764","2023-09-16T20:45:58.000Z"
"401524012104936108","Utah","Pac-12","Weber State","Big Sky","Utah","Weber State","31","7","401524012","40152401221","21","5","4","6","38","-3","2","43","57","1","10","false","5","Rush","Charlie Vincent run for 5 yds to the UTAH 48","0.1094877032207345","2023-09-16T20:45:58.000Z"
"401524012104936109","Utah","Pac-12","Weber State","Big Sky","Utah","Weber State","31","7","401524012","40152401221","21","6","4","6","38","-3","2","48","52","2","5","false","2","Rush","Charlie Vincent run for 2 yds to the 50 yard line","-0.7072652772195055","2023-09-16T20:52:28.000Z"
"401524012104936110","Utah","Pac-12","Weber State","Big Sky","Utah","Weber State","31","7","401524012","40152401221","21","7","4","6","38","-3","2","50","50","3","3","false","10","Rush","Daniel Wood run for 10 yds to the WEB 40 for a 1ST down","1.8740451275727565","2023-09-16T20:52:28.000Z"
"401524012104936111","Utah","Pac-12","Weber State","Big Sky","Utah","Weber State","31","7","401524012","40152401221","21","8","4","6","38","-3","2","60","40","1","10","false","2","Rush","Daniel Wood run for 2 yds to the WEB 38","-0.4549295700351248","2023-09-16T20:52:28.000Z"
"401524012104936112","Utah","Pac-12","Weber State","Big Sky","Utah","Weber State","31","7","401524012","40152401221","21","9","4","6","38","-3","2","62","38","2","8","false","5","Rush","Daniel Wood run for 5 yds to the WEB 33","0.0749429407852365","2023-09-16T20:52:28.000Z"
"401524012104999901","Utah","Pac-12","Weber State","Big Sky","Utah","Weber State","31","7","401524012","40152401221","21","10","4","0","0","-3","2","67","33","3","3","false","1","Rush","Daniel Wood run for 1 yd to the WEB 32","-0.7587462984807374","2023-09-16T20:29:31.000Z"
"401524012104999903","Utah","Pac-12","Weber State","Big Sky","Utah","Weber State","31","7","401524012","40152401221","21","11","4","0","0","-3","2","68","32","0","3","false","0","End of Game","End of 4th Quarter",,"2023-09-16T20:29:31.000Z"
